ch0_mean,ch0_std,ch0_min,ch0_max,ch0_ptp,ch0_slope,ch0_energy,ch1_mean,ch1_std,ch1_min,ch1_max,ch1_ptp,ch1_slope,ch1_energy,ch2_mean,ch2_std,ch2_min,ch2_max,ch2_ptp,ch2_slope,ch2_energy,ch3_mean,ch3_std,ch3_min,ch3_max,ch3_ptp,ch3_slope,ch3_energy,ch4_mean,ch4_std,ch4_min,ch4_max,ch4_ptp,ch4_slope,ch4_energy,ch5_mean,ch5_std,ch5_min,ch5_max,ch5_ptp,ch5_slope,ch5_energy,ch6_mean,ch6_std,ch6_min,ch6_max,ch6_ptp,ch6_slope,ch6_energy,ch7_mean,ch7_std,ch7_min,ch7_max,ch7_ptp,ch7_slope,ch7_energy,ch8_mean,ch8_std,ch8_min,ch8_max,ch8_ptp,ch8_slope,ch8_energy,ch9_mean,ch9_std,ch9_min,ch9_max,ch9_ptp,ch9_slope,ch9_energy,ch10_mean,ch10_std,ch10_min,ch10_max,ch10_ptp,ch10_slope,ch10_energy,ch11_mean,ch11_std,ch11_min,ch11_max,ch11_ptp,ch11_slope,ch11_energy,ch12_mean,ch12_std,ch12_min,ch12_max,ch12_ptp,ch12_slope,ch12_energy,ch13_mean,ch13_std,ch13_min,ch13_max,ch13_ptp,ch13_slope,ch13_energy,ch14_mean,ch14_std,ch14_min,ch14_max,ch14_ptp,ch14_slope,ch14_energy,material,motion,trial
121.09500427246094,2.6256862358112847,116.25000762939453,127.50000762939453,11.25,-0.011729327897380171,14670.894287956262,-32.34000148773193,4.373831502193874,-40.35000228881836,-24.150001525878906,16.200000762939453,-0.13240599094476913,1065.0060982360872,-1615.8581848144531,4.646718417519311,-1623.3359375,-1607.364013671875,15.971923828125,0.0902495190613252,2611019.265423911,460.64251708984375,3.265549033780928,453.3000183105469,466.95001220703125,13.649993896484375,0.18259451729910717,212202.19236135902,-823.1475372314453,3.1629302532042165,-828.4500122070312,-813.1500244140625,15.29998779296875,0.04319558968221335,677581.8721779803,-1536.0950073242188,4.884861498352862,-1545.4119873046875,-1527.5040283203125,17.907958984375,0.026931464403195493,2359611.73339825,-815.3925384521484,3.18885779190309,-821.1000366210938,-809.7000122070312,11.4000244140625,0.04387257511454417,664875.1605774553,486.3975173950195,2.7196247136596075,482.4000244140625,490.8000183105469,8.399993896484375,-0.02063834971951363,236589.94128662147,-1558.8309020996094,5.251170856736373,-1566.4659423828125,-1546.3800048828125,20.0859375,-0.10862633267739662,2429981.3561360487,-66.38250312805175,2.0244301133939113,-69.9000015258789,-62.70000076293945,7.200000762939453,0.015451130114103618,4410.735038829817,-18.240000915527343,2.6955796759563513,-24.450000762939453,-12.15000057220459,12.300000190734863,-0.10218045801148379,339.9637831878673,-1448.188494873047,3.341777877324436,-1454.4200439453125,-1443.2879638671875,11.132080078125,-0.1311904333587876,2097261.0841620425,30.022501087188722,2.639435540294755,25.80000114440918,37.35000228881836,11.55000114440918,0.0779323448812155,908.3171915016189,144.63750762939452,3.26672017021526,138.90000915527344,151.5,12.599990844726562,0.20357152035361842,20930.680073913652,-1674.9182922363282,4.035146222517548,-1685.2879638671875,-1668.83203125,16.4559326171875,-0.08060798358200189,2805367.568072895,fabric,push,1
120.7050048828125,2.3141358643319,116.70000457763672,124.80000305175781,8.099998474121094,0.036992536272321436,14575.053428558376,-34.275001525878906,2.992678694206114,-40.650001525878906,-30.000001907348633,10.649999618530273,0.1960151098724595,1183.7318553657565,-1614.70869140625,3.3271988778731747,-1621.884033203125,-1604.9439697265625,16.9400634765625,-0.05877217457706767,2607295.2283552573,459.88502044677733,3.161019298975357,453.6000061035156,465.1500244140625,11.550018310546875,0.013534591789532426,211504.2240743413,-824.7525329589844,2.698445709490202,-830.4000244140625,-819.6000366210938,10.79998779296875,0.0813159913945019,680224.0222315077,-1535.0544006347657,5.449344090114047,-1545.4119873046875,-1523.8740234375,21.5379638671875,0.2751144523907425,2356421.708259172,-816.7875366210938,2.3891336494533078,-820.6500244140625,-812.2500610351562,8.39996337890625,-0.13229374706296995,667147.5879391495,486.2250183105469,3.1825114772876972,481.20001220703125,492.1500244140625,10.95001220703125,-0.19263218470982144,236424.8968103947,-1557.6813903808593,4.792030076455707,-1566.949951171875,-1549.0419921875,17.907958984375,0.15502626806273498,2426394.277491101,-65.88750343322754,2.4509625046763395,-70.6500015258789,-62.250003814697266,8.39999771118164,-0.06101490106797756,4347.1703258629,-17.092500495910645,2.7939790699898053,-23.100000381469727,-13.950000762939453,9.149999618530273,0.14334586724302828,299.95989224624674,-1447.2567993164062,4.03958932128508,-1454.177978515625,-1438.9320068359375,15.2459716796875,0.0349370741306391,2094568.5614494532,28.29750108718872,4.242713920412945,20.850000381469727,37.20000076293945,16.350000381469727,0.1602631920262387,818.7491891899126,144.72750701904297,3.2561654355747374,135.45001220703125,151.95001220703125,16.5,0.10680466271880874,20956.653901290963,-1675.9830932617188,4.703444809907638,-1684.803955078125,-1668.83203125,15.971923828125,0.10353086084351504,2808941.451292199,fabric,push,2
120.07500495910645,3.88048006243919,112.20000457763672,126.60000610351562,14.400001525878906,0.04263154797087935,14433.064941444425,-33.45000143051148,3.207335437171742,-42.45000076293945,-28.80000114440918,13.649999618530273,-0.054360845752228465,1129.1895963077573,-1616.293798828125,4.537036072216459,-1624.06201171875,-1605.9119873046875,18.1500244140625,-0.14993171405075187,2612426.228826572,462.44251861572263,3.7200229281154806,453.45001220703125,468.1500244140625,14.70001220703125,-0.09394740054481909,213866.9215942387,-822.7050354003907,3.2640382901812273,-827.8500366210938,-816.6000366210938,11.25,0.008797506461466166,676854.2292191178,-1533.2393920898437,3.1996308728263028,-1538.8780517578125,-1528.22998046875,10.6480712890625,0.20888469954182334,2350833.271093756,-817.0875396728516,2.935892390215925,-822.1500244140625,-810.7500610351562,11.39996337890625,-0.07612814078653667,667640.6669527607,486.5100158691406,2.8120096838344786,479.70001220703125,491.1000061035156,11.399993896484375,-0.09496189203477444,236699.90293945343,-1559.6657958984374,3.880227138623062,-1565.739990234375,-1551.946044921875,13.7939453125,0.25437323778195486,2432572.451058154,-65.32500171661377,2.8749564746387195,-72.30000305175781,-60.30000305175781,12.0,0.1360151047097113,4275.621224006659,-16.867500734329223,3.1433770912480212,-21.900001525878906,-11.25,10.650001525878906,0.1647744522955185,294.39340056037975,-1444.9335876464843,3.548904001703374,-1450.7900390625,-1437.238037109375,13.552001953125,0.03530025625587406,2087845.6674285538,29.625000953674316,3.928883384748849,19.5,39.45000076293945,19.950000762939453,0.1872180766629097,893.0768061561597,145.11750717163085,3.2015333677805193,140.10000610351562,152.85000610351562,12.75,-0.02334577517401903,21069.340703613347,-1675.6684997558593,4.943487079539062,-1685.0460205078125,-1667.3800048828125,17.666015625,-0.3036823932389568,2807889.359138558,fabric,push,3
121.26750450134277,2.0792595542193104,117.60000610351562,125.25000762939453,7.650001525878906,0.05109032078793174,14710.130968277002,-33.81750154495239,3.5646628984854383,-40.05000305175781,-25.80000114440918,14.250001907348633,0.12530076306565366,1156.330232322696,-1616.160693359375,3.8311632391189887,-1624.5460205078125,-1607.364013671875,17.1820068359375,0.05658922697368421,2611990.0645716204,460.7775192260742,2.0176387526614468,456.45001220703125,464.70001220703125,8.25,-0.19499995869801456,212319.99309027143,-822.6600402832031,3.2301979878565263,-828.6000366210938,-817.9500122070312,10.6500244140625,-0.054134420523966165,676779.9760578021,-1537.0629821777343,4.10508580866846,-1546.137939453125,-1529.6820068359375,16.4559326171875,0.19578159877232143,2362579.4629106065,-815.9475463867187,2.7521114098354595,-821.2500610351562,-809.550048828125,11.70001220703125,-0.19951089271029138,665777.9725717187,484.2300201416016,2.925806091361339,478.5000305175781,492.3000183105469,13.79998779296875,0.12879666206531956,234487.2727476201,-1559.2664855957032,4.123867296532567,-1570.3380126953125,-1552.6719970703125,17.666015625,-0.03875457075305451,2431328.9793834547,-65.86500225067138,3.2460007289742916,-71.25,-57.30000305175781,13.949996948242188,0.06924804744863869,4348.735042213449,-17.055000829696656,3.786750197002816,-24.150001525878906,-8.100000381469727,16.05000114440918,-0.05796992438180108,305.2125303554545,-1445.2360900878907,4.229439438209314,-1454.177978515625,-1433.8499755859375,20.3280029296875,-0.21015781029722744,2088725.244250495,29.730001068115236,3.6470670583013725,20.400001525878906,36.0,15.599998474121094,-0.18315783909388947,897.17406163788,142.79250793457032,3.658732748302687,137.25,150.15000915527344,12.900009155273438,-0.06394751986166589,20403.086647567827,-1674.9545837402343,4.8702178200367685,-1687.7080078125,-1666.89599609375,20.81201171875,-0.012373432360197369,2805496.576614036,fabric,push,4
121.58250465393067,2.2103887997050284,116.70000457763672,126.75000762939453,10.050003051757812,-0.02560151179034011,14787.191256568933,-34.62000141143799,2.5427546267320413,-38.85000228881836,-29.55000114440918,9.30000114440918,-0.08909772715174165,1205.0100988197355,-1616.8503845214843,4.082993122152868,-1625.030029296875,-1610.9940185546875,14.0360107421875,0.09971152857730263,2614221.8367601074,460.16251373291016,3.1388628196833532,453.9000244140625,466.3500061035156,12.449981689453125,0.0152255868553219,211759.3915047915,-822.7650360107422,3.3721308958926053,-828.7500610351562,-814.5000610351562,14.25,-0.1644360994037829,676953.675748537,-1535.9497863769532,4.324226756941353,-1547.10595703125,-1529.43994140625,17.666015625,-0.16303242848331767,2359160.4452084536,-816.8025360107422,3.066122515293899,-821.8500366210938,-810.4500122070312,11.4000244140625,-0.12327123656308742,667175.7839408586,485.61002044677736,3.1619056682473334,481.6500244140625,495.0000305175781,13.350006103515625,0.33563918493744127,235827.0896057744,-1558.0201904296875,4.4994388057205414,-1565.98193359375,-1550.010009765625,15.971923828125,0.30750282689144737,2427447.158736126,-66.59250221252441,2.4337360128942565,-70.35000610351562,-60.150001525878906,10.200004577636719,-0.10139098203271851,4440.484421905528,-18.142500638961792,3.558977272868218,-23.700000762939453,-11.100000381469727,12.600000381469727,-0.13387216768766705,341.8166486635215,-1446.6759948730469,4.094719630512326,-1453.2099609375,-1437.7220458984375,15.4879150390625,-0.06986910024083648,2092888.2008707724,29.482501220703124,2.1510622306771787,23.55000114440918,33.0,9.44999885559082,-0.02469922689566935,873.8449469490072,143.31750717163087,2.502115060355323,138.90000915527344,147.90000915527344,9.0,0.04590214320591519,20546.16844166572,-1674.5794982910156,4.372021494646765,-1689.1600341796875,-1668.83203125,20.3280029296875,0.08424365968632519,2804235.610668539,fabric,push,5
120.89250450134277,4.11242864023979,112.20000457763672,127.05000305175781,14.849998474121094,-0.390789582675561,14631.909713928248,-34.34250173568726,2.3303046435215196,-40.20000076293945,-28.950000762939453,11.25,0.07522559058397338,1184.8377451973001,-1617.0560913085938,3.826722218831729,-1622.85205078125,-1610.751953125,12.10009765625,0.04348713580827068,2614885.046241167,460.8975204467773,2.2912609133969024,457.5000305175781,466.5000305175781,9.0,-0.07951143881432098,212431.7742305608,-823.4925415039063,4.12635223310849,-831.9000244140625,-816.0000610351562,15.89996337890625,-0.16567658159069548,678156.9926953145,-1536.2159912109375,4.791959659519657,-1546.137939453125,-1527.02001953125,19.117919921875,0.04439522879464286,2359982.5345295817,-815.5125396728515,2.4027465078334846,-820.9500122070312,-810.6000366210938,10.3499755859375,-0.2234208415325423,665066.4755544452,487.47752075195314,2.8485281362123063,480.0000305175781,493.6500244140625,13.649993896484375,-0.020639290486959585,237642.4473510137,-1557.378887939453,3.997374618931144,-1565.2559814453125,-1549.5260009765625,15.72998046875,-0.14756602810737782,2425444.9796033716,-66.180002784729,2.911546060488499,-72.45000457763672,-61.500003814697266,10.950000762939453,0.0550375429311193,4388.269869049085,-16.680000638961793,2.9281138590109452,-24.600000381469727,-11.550000190734863,13.050000190734863,-0.1617293157075581,286.79627208709775,-1446.7485961914062,4.062497215911939,-1459.0179443359375,-1438.2059326171875,20.81201171875,0.04985608552631579,2093098.004465434,30.63000144958496,3.084899080873318,24.600000381469727,36.0,11.399999618530273,0.1328571520353619,947.7135911407498,142.44000854492188,2.5603027826334483,138.45001220703125,147.75,9.29998779296875,0.0730826471084939,20295.71118461618,-1674.228582763672,5.59595872497983,-1684.56201171875,-1660.3619384765625,24.2000732421875,-0.24527514464873124,2803072.662096905,fabric,rub,1
120.69750442504883,2.536409044238409,116.4000015258789,127.20000457763672,10.800003051757812,-0.04770674167719102,14574.320945274376,-33.62250127792358,3.3508388106956972,-39.900001525878906,-27.600000381469727,12.30000114440918,-0.1600376258219095,1141.7007129192375,-1616.5478942871093,4.865626490824103,-1625.27197265625,-1609.0579833984375,16.2139892578125,-0.049310991100798875,2613250.7688452355,460.54501953125,3.284313126620026,453.3000183105469,466.6500244140625,13.350006103515625,0.05774366335761279,212112.50172775314,-823.4775421142579,2.2645929580179054,-829.050048828125,-819.4500122070312,9.60003662109375,-0.025376444651668235,678120.3907478048,-1534.9091918945312,4.065597098388195,-1540.572021484375,-1529.43994140625,11.132080078125,0.08770338933270677,2355962.7564420896,-815.2350311279297,1.7421355251371615,-819.9000244140625,-812.7000122070312,7.20001220703125,0.010375930671405076,664611.1910143445,486.97501678466796,2.7867305525113744,481.8000183105469,492.6000061035156,10.79998779296875,0.15992530306479089,237152.43283959996,-1558.7219848632812,5.235255080225104,-1572.5159912109375,-1553.156005859375,19.3599853515625,-0.035298879523026315,2429641.633991882,-65.76750316619874,3.2413456705192925,-70.5,-59.10000228881836,11.39999771118164,-0.021992501280361548,4335.870794471754,-17.70750069618225,2.6181232165988613,-23.55000114440918,-13.350000381469727,10.200000762939453,0.07093981764370337,320.41015008258887,-1446.3372009277343,5.475521984414015,-1455.6300048828125,-1434.8179931640625,20.81201171875,0.26929362591047934,2091921.2801284753,29.182501220703124,2.9654795604613833,24.30000114440918,33.45000076293945,9.149999618530273,0.04590227514281309,860.4124465198536,143.70000610351562,3.0406009772722165,137.10000610351562,150.45001220703125,13.350006103515625,0.09225557943932097,20658.937008453417,-1673.623583984375,6.6691100209718766,-1683.1099853515625,-1655.0379638671875,28.072021484375,0.2390878318843985,2801060.377897176,fabric,rub,2
121.72500457763672,3.533288588571129,114.45000457763672,127.95000457763672,13.5,-0.05075181086260574,14829.460867675807,-35.30250148773193,3.2758006115522003,-40.20000076293945,-28.950000762939453,11.25,0.03733090278797579,1256.9974809379612,-1618.205584716797,4.82642713390812,-1626.48193359375,-1609.0579833984375,17.4239501953125,0.03166090886395677,2618612.6088075093,459.1800170898438,3.159489858479854,450.45001220703125,464.4000244140625,13.95001220703125,0.1245113057301457,210856.27047079505,-822.5175384521484,2.3394556929187593,-826.9500122070312,-818.8500366210938,8.0999755859375,-0.07973609866952538,676540.5741143206,-1536.1554870605469,5.199841516754276,-1546.864013671875,-1526.2939453125,20.570068359375,0.1694004603794643,2359800.7187780254,-816.1275329589844,3.636154468372715,-822.6000366210938,-808.2000122070312,14.4000244140625,-0.2676313586701128,666077.371673036,486.3375183105469,2.4601245309065067,480.9000244140625,491.4000244140625,10.5,0.0023688524289238724,236530.23392916907,-1557.9597045898438,4.2857142118900295,-1566.949951171875,-1551.4620361328125,15.4879150390625,0.2618336613016917,2427256.808471979,-66.15000324249267,2.769521290835796,-72.1500015258789,-61.35000228881836,10.799999237060547,0.0805263289831635,4383.493177162184,-15.77250075340271,2.5764547479051174,-19.650001525878906,-8.700000762939453,10.950000762939453,-0.18868420177832582,255.40989908409188,-1445.9499816894531,4.278684273101815,-1452.968017578125,-1438.68994140625,14.278076171875,0.04330403033952068,2090789.6566868387,29.34750108718872,2.9839350348073252,21.30000114440918,34.650001525878906,13.350000381469727,0.00665417291167983,870.1796883544937,145.35750732421874,3.057011337847419,141.15000915527344,152.70001220703125,11.550003051757812,0.052443654913651314,21138.150253830034,-1673.8534912109376,4.581979378376564,-1681.416015625,-1665.2020263671875,16.2139892578125,0.06204788093280076,2801806.504574068,fabric,rub,3
121.16250495910644,2.716150167275637,117.00000762939453,126.75000762939453,9.75,0.08289469668739721,14687.730079696685,-33.225001430511476,2.8148491354200487,-39.30000305175781,-28.500001907348633,10.80000114440918,0.050751886869731665,1111.8240957126645,-1617.0318908691406,3.7431670877587258,-1623.093994140625,-1607.60595703125,15.488037109375,-0.0536741328418703,2614806.147387675,461.66251678466796,2.7049455701506115,457.0500183105469,466.3500061035156,9.29998779296875,-0.08875913691699953,213139.59613449132,-822.7875366210938,3.4681753113702727,-830.2500610351562,-815.8500366210938,14.4000244140625,0.19500034877232145,676991.358658998,-1535.744091796875,3.943536125556202,-1542.0240478515625,-1528.4720458984375,13.552001953125,0.14538298872180452,2358525.466966182,-815.9400360107422,3.2489405049273024,-823.9500122070312,-809.4000244140625,14.54998779296875,-0.08571433160538064,665768.6979796158,486.01501922607423,2.4403944297126348,480.9000244140625,489.45001220703125,8.54998779296875,0.027067646227384872,236216.55443829385,-1558.8550903320313,4.962737961935308,-1566.4659423828125,-1547.3480224609375,19.117919921875,-0.08788346598919174,2430053.8214221643,-66.40500259399414,3.5088779384014526,-72.9000015258789,-58.35000228881836,14.549999237060547,0.1569925638069784,4421.936593894969,-17.19750084877014,2.5981952596712534,-22.5,-13.350000381469727,9.149999618530273,0.03259398022988685,302.5046540508279,-1446.1193908691407,3.9758067333694416,-1456.5980224609375,-1435.302001953125,21.2960205078125,-0.003639255609727444,2091277.0996869155,29.760001182556152,2.9264998308550925,25.950000762939453,39.900001525878906,13.950000762939453,0.1326316059083867,894.2220716457384,145.11750717163085,4.223098849287765,138.75,153.60000610351562,14.850006103515625,0.12890965741379817,21076.92545159919,-1676.8784729003905,5.190818695602485,-1684.56201171875,-1666.4119873046875,18.1500244140625,-0.00709467149318609,2811948.357475477,fabric,rub,4
121.47750473022461,3.73415010058899,114.9000015258789,126.75000762939453,11.850006103515625,0.2301880915362136,14770.72803245547,-34.33500146865845,3.3179853656337106,-39.60000228881836,-28.350000381469727,11.250001907348633,0.048947340025937654,1189.9013527393372,-1618.1934997558594,4.075292042179116,-1625.7559814453125,-1611.47802734375,14.2779541015625,-0.011462769472509399,2618566.8106573457,460.97252044677737,2.493464180321179,456.7500305175781,467.1000061035156,10.3499755859375,-0.058533517937911186,212501.8819706731,-823.5300415039062,2.2607751918550467,-827.550048828125,-819.6000366210938,7.95001220703125,0.13285664723331767,678206.8403638937,-1536.4942932128906,2.9243780621334556,-1543.2340087890625,-1531.3759765625,11.8580322265625,0.1391964102149906,2360823.2650628304,-814.8975372314453,3.523651009097895,-820.050048828125,-807.9000244140625,12.1500244140625,-0.1550744078213111,664070.4123023087,486.4125152587891,3.467198654104914,479.70001220703125,492.45001220703125,12.75,-0.04454905574483083,236609.15646688873,-1559.5205810546875,4.481963726457323,-1568.885986328125,-1552.6719970703125,16.2139892578125,-0.05749933916823309,2432124.5307319956,-66.75000305175782,2.6444280980340924,-72.1500015258789,-62.55000305175781,9.599998474121094,0.23097745278724155,4462.555907375349,-17.377500557899474,3.709362294140792,-25.950000762939453,-7.500000476837158,18.450000286102295,-0.1848496275736874,315.73689426899,-1446.0588745117188,5.419121209893967,-1456.35595703125,-1435.5439453125,20.81201171875,0.26911217252114666,2091115.6354287863,30.750001430511475,2.6136182890317112,25.200000762939453,34.80000305175781,9.60000228881836,-0.021879708139519945,952.3935885372188,144.37500610351563,2.9567515090221015,137.25,148.8000030517578,11.550003051757812,-0.1606015771851504,20852.88476687628,-1675.4627868652344,3.8097918972874294,-1681.9000244140625,-1666.89599609375,15.0040283203125,-0.10298760206179512,2807190.0646845186,fabric,rub,5
121.62000427246093,3.076134641144413,116.4000015258789,126.45000457763672,10.050003051757812,-0.017593968900522793,14800.888043563866,-34.747501373291016,2.655158947642842,-39.0,-29.400001525878906,9.599998474121094,0.09530074901150581,1214.4387207241089,-1617.406982421875,5.07133850288055,-1629.385986328125,-1609.0579833984375,20.3280029296875,-0.07205452596334587,2616031.065261246,460.9350158691406,2.241934592125911,457.20001220703125,465.9000244140625,8.70001220703125,-0.017368999280427632,212466.1151250003,-823.0350372314454,3.0703934358816913,-830.2500610351562,-817.6500244140625,12.60003662109375,-0.03721919239015507,677396.0998264176,-1538.1035949707032,4.998105838971183,-1550.97802734375,-1531.134033203125,19.843994140625,-0.10844386968397557,2365787.649923778,-817.2075347900391,2.681375548567459,-822.6000366210938,-813.300048828125,9.29998779296875,0.011164706810972745,667835.3446924454,486.18751831054686,3.088277045328982,479.4000244140625,490.6500244140625,11.25,0.16387251086701127,236387.84041607706,-1558.4679016113282,4.790436048394985,-1566.2239990234375,-1544.927978515625,21.2960205078125,0.0009103875411184211,2428845.14863035,-66.11250286102295,3.0860926720351336,-73.6500015258789,-58.35000228881836,15.299999237060547,0.1943232227985124,4380.387002529156,-17.64000072479248,2.8466034708185655,-25.500001907348633,-11.550000190734863,13.95000171661377,0.019172956710471242,319.27277689075555,-1447.0873901367188,4.400219595049385,-1457.323974609375,-1440.6259765625,16.697998046875,-0.11644902050046993,2094081.2766251848,28.40250120162964,3.0169306480250184,22.650001525878906,34.05000305175781,11.400001525878906,0.1122180264695247,815.8039450435657,143.72250595092774,3.40710584917949,137.70001220703125,150.45001220703125,12.75,0.012067763249676927,20667.76708708197,-1675.523291015625,4.872737296382864,-1683.8359375,-1669.073974609375,14.761962890625,-0.11590365072838348,2807402.0423045903,fabric,tap,1
121.53750419616699,3.198509863262363,116.55000305175781,127.6500015258789,11.099998474121094,0.054699299747782544,14781.595391578696,-34.15500183105469,2.4098707473096845,-40.05000305175781,-30.30000114440918,9.750001907348633,0.035188009505881405,1172.371627098088,-1617.939385986328,5.454464250419201,-1629.385986328125,-1608.573974609375,20.81201171875,-0.5334919635514568,2617757.6079060757,461.47501678466796,3.6092060063518314,455.5500183105469,466.3500061035156,10.79998779296875,0.07082765048607849,212972.21748440588,-823.0200347900391,2.739545074392423,-828.300048828125,-817.9500122070312,10.35003662109375,-0.06947457449776787,677369.4827730118,-1538.3697875976563,3.986687789701838,-1544.927978515625,-1529.197998046875,15.72998046875,-0.03602542733787594,2366597.4970727907,-816.0150390625,3.1180145108576625,-822.6000366210938,-807.7500610351562,14.8499755859375,0.12248067067081768,665890.2659906633,486.42001953125,3.013322521076799,480.7500305175781,492.9000244140625,12.149993896484375,-0.23526345159774437,236613.51551339767,-1559.8472961425782,5.99714454271673,-1574.93603515625,-1545.89599609375,29.0400390625,0.17594967031837405,2433159.553025978,-67.1325029373169,2.806433825583361,-71.70000457763672,-62.400001525878906,9.300003051757812,0.05244371514571341,4514.64902144624,-18.17250065803528,2.7042779439583295,-23.55000114440918,-13.950000762939453,9.600000381469727,0.02605265352062715,337.5528993644721,-1447.8617858886719,3.8779819189851565,-1456.8399658203125,-1438.68994140625,18.1500244140625,-0.2725695158305921,2096318.7897804982,29.12250108718872,3.5175802984203197,18.75,35.400001525878906,16.650001525878906,0.1534962661284253,860.493440729143,144.1425048828125,4.050688592090487,132.75,149.5500030517578,16.800003051757812,0.19206786191553102,20793.469791961717,-1673.6598876953126,4.347570158764974,-1682.8680419921875,-1665.2020263671875,17.666015625,0.046035009398496245,2801156.3210465712,fabric,tap,2
121.74000473022461,2.664939452266334,117.75000762939453,126.60000610351562,8.849998474121094,0.11977441543923285,14827.730653999355,-35.28750114440918,4.0721270821477145,-42.0,-25.200000762939453,16.799999237060547,-0.042067649669216965,1261.78995598984,-1617.8909790039063,3.2741761862441954,-1623.5780029296875,-1610.751953125,12.8260498046875,0.07824082912359023,2617581.940171917,460.6725158691406,3.557331424896639,453.9000244140625,466.3500061035156,12.449981689453125,0.010037621519619361,212231.82148407018,-822.8550354003906,2.792212415130674,-828.4500122070312,-817.9500122070312,10.5,0.0683462501468515,677098.2057339493,-1535.0786010742188,5.16720684183144,-1544.2020263671875,-1520.72802734375,23.4739990234375,-0.08224326685855263,2356493.0115025267,-816.8475402832031,2.97864962203866,-822.1500244140625,-810.9000244140625,11.25,0.04612770941024436,667248.77642029,485.85001983642576,3.3634812794475435,477.1500244140625,491.2500305175781,14.100006103515625,0.20593961557947604,236061.5547813725,-1558.3953002929688,4.675845337128178,-1566.7080078125,-1547.5899658203125,19.1180419921875,0.2414548945606203,2428617.775504829,-66.54000282287598,1.9293518658179927,-71.25,-64.6500015258789,6.599998474121094,0.06699235385521911,4431.294374290478,-16.245000696182252,2.938277727112324,-22.80000114440918,-11.100000381469727,11.700000762939453,-0.13984963338177908,272.53352362060616,-1446.3976989746093,4.301392558474715,-1453.93603515625,-1438.9320068359375,15.0040283203125,0.20142381711113722,2092084.8055769869,28.830001163482667,3.700959484908331,21.150001525878906,35.25,14.099998474121094,-0.31984962090513774,844.8660681953448,144.12750473022462,2.5474720031912583,140.25,149.5500030517578,9.300003051757812,-0.023120243388011046,20779.22723336796,-1674.2890991210938,3.3875368047884358,-1680.68994140625,-1665.68603515625,15.00390625,0.13518910802396616,2803255.4628413273,fabric,tap,3
121.14000549316407,2.521339855040589,118.05000305175781,126.75000762939453,8.700004577636719,-0.053233096474095395,14681.258085548436,-33.03000106811523,2.7563289609226653,-38.25,-26.400001525878906,11.849998474121094,-0.07781956894953448,1098.5783199005145,-1617.2617919921875,4.955918221444917,-1625.27197265625,-1608.33203125,16.93994140625,-0.1120842266799812,2615560.2649631994,461.512516784668,2.802983962391307,455.2500305175781,465.7500305175781,10.5,0.05289487910449953,213001.65986801186,-824.6100433349609,2.6068930047032257,-830.1000366210938,-819.0000610351562,11.0999755859375,-0.028872244698660718,679988.5194600241,-1534.6308959960938,3.4576959718986533,-1544.2020263671875,-1529.6820068359375,14.52001953125,-0.1522974917763158,2355103.9426072077,-815.9475402832031,2.307412066768971,-819.7500610351562,-811.2000122070312,8.550048828125,-0.10116554202890038,665775.7126446553,486.3675201416016,3.7333012835261727,477.0000305175781,491.8500061035156,14.8499755859375,-0.006879625822368421,236567.30218716478,-1559.2543823242188,3.3292369551806966,-1565.2559814453125,-1550.251953125,15.0040283203125,-0.00545663475093985,2431285.3126159846,-67.62750263214112,2.8623191620796127,-72.0,-61.20000076293945,10.799999237060547,-0.14718043105046555,4581.671983245861,-17.59500069618225,3.132127795639489,-22.950000762939453,-9.450000762939453,13.5,-0.13962403132503196,319.39427402687136,-1445.115087890625,4.414425200963139,-1453.4520263671875,-1437.47998046875,15.9720458984375,-0.1326447221569549,2088377.1043989838,29.50500135421753,3.0774139083919327,24.450000762939453,36.45000076293945,12.0,0.024586436623021166,880.0155812759424,144.84000778198242,2.734528510203317,139.20001220703125,148.8000030517578,9.599990844726562,-0.12112765204637571,20986.105500457845,-1673.9018920898438,5.961984435232421,-1684.56201171875,-1659.1519775390625,25.4100341796875,-0.13082761836231202,2801983.0896003647,fabric,tap,4
121.2600040435791,3.087741433036827,115.50000762939453,129.3000030517578,13.799995422363281,-0.15157885443895386,14713.522727806112,-35.39250183105469,2.317232936051111,-39.45000076293945,-30.30000114440918,9.149999618530273,-0.12078945188594045,1257.9987543411294,-1616.5478942871093,6.2898955126697,-1629.14404296875,-1603.7340087890625,25.4100341796875,0.12245754155897556,2613266.6573096476,462.54751739501955,2.1593046118242807,458.70001220703125,467.1000061035156,8.399993896484375,0.04567634754611137,213954.86844470253,-823.8750396728516,2.9907974547876797,-829.800048828125,-819.300048828125,10.5,0.05413630205885809,678779.0258653583,-1535.5746948242188,4.312947174208045,-1542.75,-1527.988037109375,14.761962890625,0.04130363751174812,2358008.24489782,-817.0950378417969,2.692948494602063,-822.0000610351562,-811.5000610351562,10.5,0.0009013011043233083,667651.5528372821,486.47251586914064,3.093520907724524,479.5500183105469,491.2500305175781,11.70001220703125,0.15597759046052634,236665.0785676578,-1558.3468994140626,3.967963552950381,-1565.0140380859375,-1550.4940185546875,14.52001953125,-0.3247854132401316,2428460.80364818,-67.68750286102295,3.4168653217503437,-73.80000305175781,-60.750003814697266,13.049999237060547,-0.10206771793222069,4593.27301218797,-17.85750060081482,2.3908302769808714,-23.700000762939453,-14.550000190734863,9.15000057220459,0.07545113169161,324.60639712143006,-1447.123681640625,5.021882632830741,-1455.14599609375,-1437.47998046875,17.666015625,0.3222428630169173,2094192.169270295,30.352500915527344,3.6678834492378014,25.200000762939453,39.150001525878906,13.950000762939453,0.026278190325973626,934.7276808242808,145.01250686645508,2.8495550691779594,138.15000915527344,149.40000915527344,11.25,-0.134774332835262,21036.74711178596,-1674.5068969726562,4.817239102985188,-1682.6259765625,-1666.1700439453125,16.4559326171875,0.06568429129464287,2803996.553801569,fabric,tap,5
120.72750434875488,2.976763788677854,114.9000015258789,125.10000610351562,10.200004577636719,0.03755637147372827,14583.991428932213,-35.100001430511476,2.645704138617915,-40.650001525878906,-30.150001525878906,10.5,-0.32007519858224054,1239.0098508110075,-1617.6731811523437,4.950294577483228,-1626.9659423828125,-1602.5240478515625,24.44189453125,-0.13100512511748122,2616891.0264359475,461.03251953125,4.292586383259254,453.3000183105469,468.3000183105469,15.0,-0.030563744566494362,212569.41036319017,-824.0400482177735,2.904890552793022,-831.0000610351562,-817.800048828125,13.20001220703125,-0.19939878076539005,679050.439455874,-1533.263604736328,4.556161788699248,-1543.718017578125,-1526.5360107421875,17.1820068359375,-0.26128819974741546,2350918.0402192837,-816.2925384521484,3.3793205025747777,-821.7000122070312,-809.2500610351562,12.449951171875,0.26492594095101035,666344.9281397114,487.3650207519531,2.554364723027707,483.9000244140625,491.70001220703125,7.79998779296875,-0.05887258429276316,237531.18823168994,-1558.6130859375,3.5031231978868655,-1566.4659423828125,-1551.946044921875,14.5198974609375,0.12172723067434212,2429287.0235277563,-66.82500324249267,2.4722717055567554,-70.95000457763672,-62.10000228881836,8.85000228881836,0.005188082931633283,4471.693185745253,-16.9950008392334,3.3065051438473394,-23.55000114440918,-12.15000057220459,11.40000057220459,0.0985714188195709,299.7630297918328,-1446.1919982910156,5.320690384337674,-1459.9859619140625,-1436.7540283203125,23.23193359375,0.3824685921346335,2091499.6056671268,29.81250133514404,2.3554659363081103,24.900001525878906,33.30000305175781,8.400001525878906,-0.00011278023397115303,894.3334556350732,144.31500549316405,2.8645286004504587,137.40000915527344,150.15000915527344,12.75,0.0735339401359845,20835.02633459477,-1673.9623779296876,4.191984853350187,-1684.3199462890625,-1667.137939453125,17.1820068359375,0.13828730762453006,2802167.6154610245,metal,push,1
120.87750396728515,2.936813140692378,114.9000015258789,125.85000610351562,10.950004577636719,0.10499997246534304,14619.995836784383,-32.880001068115234,3.185726080913701,-37.95000076293945,-25.950000762939453,12.0,0.14887220052848185,1091.2433209018727,-1617.1407897949218,3.8926609741127995,-1622.6099853515625,-1608.573974609375,14.0360107421875,-0.11208321707589287,2615159.486828003,461.5500213623047,3.6858540462295264,453.45001220703125,468.0000305175781,14.550018310546875,-0.23323313777608085,213042.00773959403,-823.8975372314453,2.258124230396425,-826.9500122070312,-818.1000366210938,8.8499755859375,0.004849908584938911,678812.2509810807,-1536.228094482422,4.331376035735507,-1542.991943359375,-1523.6319580078125,19.3599853515625,0.12063713360549812,2360015.5190954558,-816.3300415039063,2.81848481728544,-821.2500610351562,-811.800048828125,9.45001220703125,0.003834568109727444,666402.6805184346,486.36751556396484,2.760767809187201,479.70001220703125,491.2500305175781,11.550018310546875,-0.11334630062705592,236560.98203475983,-1560.355487060547,3.827038042185065,-1571.3060302734375,-1552.18798828125,19.1180419921875,0.11081056523143798,2434723.892220133,-65.92500171661376,3.4816484439011446,-73.5,-59.55000305175781,13.949996948242188,0.01917288357153871,4358.227727222447,-16.54500069618225,3.5014961795271744,-24.0,-9.600000381469727,14.399999618530273,0.03541356208629179,285.99752353191457,-1445.538592529297,4.6152189426874415,-1455.387939453125,-1435.7860107421875,19.6019287109375,0.14446929702185152,2089603.1227374696,29.917501163482665,2.9832564257738157,24.450000762939453,36.75,12.299999237060547,0.04680450697590534,903.9566947689075,144.18750610351563,3.2862936891836587,139.5,152.70001220703125,13.20001220703125,0.05402269865337171,20800.836642562925,-1674.9666931152344,4.257600025733194,-1681.9000244140625,-1665.2020263671875,16.697998046875,-0.21816213507401316,2805531.550203363,metal,push,2
120.69000473022462,3.040378566310882,115.35000610351562,126.00000762939453,10.650001525878906,0.05774427141462054,14575.321143608122,-33.03750171661377,2.6596468243937506,-38.55000305175781,-27.600000381469727,10.950002670288086,0.07364657982847742,1098.5502409057656,-1617.1892028808593,4.021437029395432,-1624.5460205078125,-1608.573974609375,15.9720458984375,-0.14338314658717105,2615317.0898702107,460.74752044677734,2.2878217997479475,456.9000244140625,465.7500305175781,8.850006103515625,-0.11808226162329652,212293.51172644092,-824.6925323486328,2.846233423202338,-828.4500122070312,-817.800048828125,10.64996337890625,0.044774977605145684,680125.8739563001,-1535.3931884765625,3.455940813838585,-1541.781982421875,-1530.407958984375,11.3740234375,-0.039665325422932336,2357444.1867471337,-816.8400329589844,2.821202447927662,-823.050048828125,-810.1500244140625,12.9000244140625,-0.02030056831531955,667235.5986276868,485.3625183105469,1.806784267952678,482.5500183105469,489.0000305175781,6.45001220703125,-0.0077815694020206775,235580.03865014686,-1558.5041870117188,4.504641078100461,-1570.095947265625,-1548.073974609375,22.02197265625,0.009823998472744361,2428955.592724301,-68.48250236511231,2.829986044981342,-73.05000305175781,-63.900001525878906,9.150001525878906,-0.0711652770078272,4697.8619512024015,-16.357500553131104,3.04890451079629,-22.5,-10.350000381469727,12.149999618530273,-0.04770675028177133,276.8636430616383,-1447.8133911132813,3.4284708513446307,-1456.35595703125,-1441.593994140625,14.761962890625,0.06441108875704887,2096175.3698993176,30.345001411437988,3.079241526835014,25.350000381469727,35.85000228881836,10.500001907348633,-0.008120300178241013,930.3008390407588,144.1125061035156,3.543264456292056,135.0,149.5500030517578,14.550003051757812,0.15575178332794878,20780.96913844305,-1674.6883850097656,3.482279986311329,-1680.447998046875,-1667.6219482421875,12.8260498046875,0.05494917102326129,2804593.31316052,metal,push,3
122.16750450134278,3.4038680777245625,113.85000610351562,129.3000030517578,15.449996948242188,0.08582704587090284,14936.48547397616,-34.132501411437985,1.859319406245994,-37.5,-29.700000762939453,7.799999237060547,-0.07815792399241513,1168.4847212562593,-1616.8382873535156,5.028868511567857,-1625.27197265625,-1608.33203125,16.93994140625,0.09843667396029136,2614191.3369707563,461.33251800537107,2.968510704034613,456.7500305175781,466.5000305175781,9.75,0.17785734018885105,212836.504224976,-822.7425384521484,2.7329121628928235,-826.800048828125,-815.8500366210938,10.95001220703125,-0.005752219293350564,676912.753387575,-1536.5184997558595,3.899029555586091,-1544.2020263671875,-1530.166015625,14.0360107421875,0.04457925208529136,2360904.3025234723,-815.4300323486328,2.7652975905763517,-822.0000610351562,-810.4500122070312,11.550048828125,0.11165427301163064,664933.7845268568,485.50502014160156,2.6321090503719007,480.6000061035156,492.1500244140625,11.550018310546875,0.09969950511043234,235722.05258075,-1558.2984985351563,4.671213881831094,-1565.98193359375,-1549.5260009765625,16.4559326171875,-0.41431086260573313,2428316.0307760523,-66.15000343322754,3.28565067623057,-71.55000305175781,-60.150001525878906,11.400001525878906,-0.04285716006630346,4386.61845458223,-17.160000610351563,3.692682013161317,-26.850000381469727,-11.25,15.600000381469727,-0.1256391123721474,308.1015213975911,-1447.861798095703,4.383402754103272,-1459.7440185546875,-1442.56201171875,17.1820068359375,-0.3639087648320019,2096323.0006046272,30.60000114440918,3.5194107912304466,25.200000762939453,40.05000305175781,14.85000228881836,-0.1675939660323294,948.7463223552725,145.40250778198242,2.6648851049992253,141.15000915527344,149.40000915527344,8.25,0.00033802233244243426,21148.990881912305,-1676.6486022949218,5.76199324937058,-1689.1600341796875,-1667.6219482421875,21.5380859375,0.04876268429863722,2811183.736143721,metal,push,4
120.04500427246094,3.225208607869391,112.20000457763672,123.9000015258789,11.699996948242188,0.15202999258399907,14421.20502133944,-33.322501277923585,2.6543113901177304,-39.0,-29.850000381469727,9.149999618530273,-0.07590225477863977,1117.4344603729276,-1616.2212036132812,5.208569876689222,-1626.7239990234375,-1605.18603515625,21.5379638671875,0.03529906308740601,2612198.108209324,461.88751831054685,3.084996152917118,454.5000305175781,466.20001220703125,11.699981689453125,0.15101456032659777,213349.59677233928,-823.9125366210938,2.1434160779485114,-828.6000366210938,-820.2000122070312,8.4000244140625,0.09958725549224624,678836.4622338883,-1535.4899963378907,5.096954413507378,-1544.2020263671875,-1524.5999755859375,19.60205078125,-0.1830457185444079,2357755.5077980286,-816.2850402832031,2.7298013804014363,-820.5000610351562,-807.4500122070312,13.050048828125,-0.06293201876762218,666328.718805727,486.9150192260742,3.0497954768530513,482.2500305175781,494.8500061035156,12.5999755859375,-0.06112709905868186,237095.53720037887,-1557.572491455078,4.732868218286802,-1565.98193359375,-1544.4439697265625,21.5379638671875,0.12864109125352444,2426054.466179151,-66.62250308990478,3.7817487247934727,-72.1500015258789,-59.55000305175781,12.599998474121094,-0.12236826903837963,4452.859541381849,-16.56750092506409,2.2736138328833464,-20.850000381469727,-12.0,8.850000381469727,0.0623684366842858,279.6514067630779,-1445.502294921875,4.2596592871237,-1452.0,-1435.302001953125,16.697998046875,0.07587688704182331,2089495.0293216496,29.122501373291016,3.0756495804746615,21.900001525878906,34.05000305175781,12.150001525878906,-0.17763160476110934,857.579706579211,143.7600067138672,2.5563451850193304,139.65000915527344,149.70001220703125,10.050003051757812,-0.038796974124765043,20673.47443107611,-1674.7972900390625,3.648725688057131,-1680.447998046875,-1668.5899658203125,11.8580322265625,-0.1370119023143797,2804959.2759213345,metal,push,5
121.35750465393066,3.5932666253665646,115.50000762939453,127.95000457763672,12.449996948242188,-0.13725561271036477,14740.555500869776,-33.18750133514404,3.004449941495346,-39.60000228881836,-27.900001525878906,11.700000762939453,0.14785717268635454,1110.436964321139,-1617.9393920898438,4.89779223575646,-1628.6600341796875,-1608.8160400390625,19.843994140625,-0.16776224007283835,2617751.8648448377,461.7375198364258,2.1465621307301257,456.6000061035156,465.45001220703125,8.850006103515625,-0.1022933386322251,213206.14495367478,-823.4325378417968,3.3280039233640086,-829.800048828125,-818.2500610351562,11.54998779296875,-0.08876145441729323,678052.2199866961,-1535.16328125,6.36477063927053,-1548.3160400390625,-1526.5360107421875,21.780029296875,-0.21233938116776319,2356766.810403557,-817.2150390625,2.5009570360892366,-822.7500610351562,-813.9000244140625,8.85003662109375,0.07195429981203008,667846.6748560198,485.1075180053711,2.800817773214974,479.8500061035156,493.5000305175781,13.6500244140625,-0.013195823726797463,235337.1486055302,-1559.169696044922,4.346105309599933,-1565.0140380859375,-1550.7359619140625,14.278076171875,-0.08315365439967107,2431029.0296961763,-66.88500289916992,2.799380204132375,-71.85000610351562,-61.95000076293945,9.900005340576172,0.22375955223140861,4481.440142349257,-17.160000848770142,2.9521435074543656,-24.30000114440918,-10.050000190734863,14.250000953674316,0.19240603984746715,303.1807804183969,-1446.2161682128906,3.161685122815866,-1453.6939697265625,-1439.416015625,14.2779541015625,-0.16667012379581767,2091551.2014531917,30.06000108718872,3.245134805192212,22.950000762939453,35.70000076293945,12.75,0.014887190223636479,914.134565265657,144.18000717163085,3.697309174171843,137.70001220703125,152.5500030517578,14.849990844726562,0.14977459441450305,20801.544563140942,-1675.2207885742187,4.950903924782904,-1683.35205078125,-1666.6539306640625,16.6981201171875,0.1732197926456767,2806389.2019208996,metal,rub,1
121.05750350952148,2.952171895970069,115.35000610351562,126.30000305175781,10.949996948242188,0.09259384270001175,14663.634474861163,-34.62000160217285,2.6599533629095586,-41.10000228881836,-29.250001907348633,11.850000381469727,0.05954884980854236,1205.6198628273046,-1617.9151916503906,4.286477542602303,-1626.7239990234375,-1610.510009765625,16.2139892578125,0.16849236739309212,2617667.9412628436,460.29752044677736,2.6509184288834136,454.8000183105469,464.5500183105469,9.75,-0.023571111922873592,211880.834697968,-824.5275360107422,2.384139297029082,-828.6000366210938,-819.9000244140625,8.70001220703125,0.017029313395794173,679851.3417601334,-1535.7924865722657,5.165946409266558,-1544.68603515625,-1526.052001953125,18.634033203125,-0.08242527094102443,2358685.248814126,-815.2200378417969,3.3999434487080804,-823.3500366210938,-807.9000244140625,15.45001220703125,-0.01714362811325188,664595.2697142351,486.45751953125,2.7093478723878928,480.9000244140625,492.9000244140625,12.0,-0.09530070598860432,236648.2588743901,-1560.524884033203,3.0288330481238637,-1566.2239990234375,-1553.39794921875,12.8260498046875,0.122454237400141,2435247.0875164755,-66.56250305175782,2.3540326608882824,-70.5,-62.250003814697266,8.249996185302734,0.0393608552172668,4436.108282283797,-16.72500057220459,3.934034325694783,-25.650001525878906,-8.550000190734863,17.100001335144043,-0.32661653533017726,295.2022702159887,-1447.4019958496094,4.505369566427973,-1454.4200439453125,-1435.302001953125,19.1180419921875,-0.011278837964050752,2094992.8359443627,29.880001068115234,2.5726637707510105,25.80000114440918,35.70000076293945,9.899999618530273,-0.06699248579211702,899.4330627079023,142.53750534057616,3.7019532687507617,132.90000915527344,150.0,17.099990844726562,-0.005977716661037359,20330.644886718794,-1675.535400390625,4.971957331113001,-1684.3199462890625,-1667.864013671875,16.4559326171875,-0.009825099859022557,2807443.5983218746,metal,rub,2
120.6075050354004,2.9230666910739758,114.75000762939453,124.35000610351562,9.599998474121094,-0.027857030423960313,14554.714589744597,-32.34750165939331,3.0851451145184132,-37.80000305175781,-26.400001525878906,11.400001525878906,0.23063914220135917,1055.8789839820897,-1615.640399169922,3.5439525158005583,-1621.884033203125,-1609.0579833984375,12.8260498046875,0.1331912850975094,2610306.459029379,461.6250198364258,2.2195469347710066,458.5500183105469,465.1500244140625,6.600006103515625,0.057970204747709114,213102.58532757615,-823.6875366210937,2.524223283786061,-831.1500244140625,-819.7500610351562,11.39996337890625,0.15304413989074248,678467.5296881121,-1538.3092895507812,5.4114487477949815,-1548.3160400390625,-1526.7779541015625,21.5380859375,-0.007825533070958648,2366424.7540957793,-816.3750396728516,2.90144008795746,-821.4000244140625,-810.9000244140625,10.5,0.27090206289649904,666476.623755434,486.8475173950195,3.3275939187675494,482.2500305175781,495.0000305175781,12.75,-0.21620279183065086,237031.57807498207,-1559.641583251953,5.1327958329211745,-1570.095947265625,-1549.5260009765625,20.5699462890625,-0.29476722201010336,2432508.2138017216,-67.22250251770019,3.0550970293116397,-72.0,-61.80000305175781,10.199996948242188,0.20943624740256403,4528.198462600718,-17.95500054359436,2.459313932269,-24.450000762939453,-12.90000057220459,11.550000190734863,0.20548873342069465,328.43026953792616,-1448.1763977050782,3.8724480644530046,-1455.387939453125,-1441.593994140625,13.7939453125,-0.25291509413181396,2097229.8747240687,28.657501316070558,2.7619863615873843,23.100000381469727,33.150001525878906,10.05000114440918,0.024473708016531804,828.8809503421804,146.25750656127929,3.3813192999180126,139.8000030517578,151.8000030517578,12.0,0.26740583835687853,21402.691545730653,-1674.385888671875,4.587470731622374,-1683.1099853515625,-1666.6539306640625,16.4560546875,0.17594811002114663,2803589.149071218,metal,rub,3
121.90500373840332,2.833412737269089,118.6500015258789,129.3000030517578,10.650001525878906,0.10736853233853677,14868.858164199846,-35.28000154495239,2.459543158980772,-39.900001525878906,-31.200000762939453,8.700000762939453,0.09834584544475813,1250.7278615627324,-1616.9350830078124,3.4005008084994963,-1624.06201171875,-1609.783935546875,14.278076171875,-0.17849836994830828,2614490.62606723,460.72501678466796,3.4259510385097802,451.8000183105469,467.4000244140625,15.600006103515625,-0.05368461895706062,212279.27823175085,-824.6625396728516,2.862558942340153,-829.050048828125,-819.1500244140625,9.9000244140625,-0.17041341451773967,680076.4985833758,-1535.865087890625,4.859015120982412,-1544.927978515625,-1526.7779541015625,18.1500244140625,0.007826267328477443,2358905.178229223,-818.0400329589844,3.8355418457122985,-823.9500122070312,-810.300048828125,13.64996337890625,-0.008346213433975564,669204.2069047864,485.34752044677737,2.8634993125097363,480.7500305175781,491.5500183105469,10.79998779296875,0.20176733490219692,235570.4152321477,-1559.7504943847657,5.640133607741495,-1571.5479736328125,-1547.3480224609375,24.199951171875,-0.3044091246181861,2432853.415840634,-66.85500202178955,3.1915471181838155,-76.6500015258789,-63.000003814697266,13.64999771118164,-0.1393985002560723,4479.777268341072,-16.99500060081482,2.9005129745047666,-22.950000762939453,-11.700000762939453,11.25,-0.0947368313495378,297.24302093696656,-1445.5143981933593,3.895819957460193,-1453.93603515625,-1436.27001953125,17.666015625,-0.18377520338933273,2089527.052797451,28.530000972747803,3.7848185471815414,22.950000762939453,35.70000076293945,12.75,-0.166691760012978,828.28580694008,144.09750595092774,3.531942376187336,137.85000610351562,150.3000030517578,12.449996948242188,-0.15687956845849976,20776.56583822636,-1675.5232971191406,4.127699701374397,-1683.35205078125,-1668.5899658203125,14.7620849609375,0.14428922036536657,2807395.357093821,metal,rub,4
121.03500480651856,2.260426221003005,114.9000015258789,124.35000610351562,9.450004577636719,-0.0006766240399582943,14654.581915214567,-34.920001125335695,2.3979367523635453,-40.35000228881836,-31.500001907348633,8.850000381469727,-0.17593988260828464,1225.1565792617819,-1615.7371948242187,4.238379555173015,-1622.3680419921875,-1606.8800048828125,15.488037109375,0.09971015184445489,2610624.646599689,461.1000213623047,3.063088172961828,454.8000183105469,466.0500183105469,11.25,0.05142868156719925,212622.61220947318,-824.9325378417968,2.7810648431317255,-829.9500122070312,-818.550048828125,11.39996337890625,0.09733097391917293,680521.4263117693,-1536.1070861816406,4.443497786304934,-1544.927978515625,-1527.7459716796875,17.1820068359375,-0.08278964623472744,2359644.724890027,-815.7825347900391,3.0647199319766925,-821.7000122070312,-810.7500610351562,10.949951171875,0.02063910692257989,665510.5365767227,486.1425186157227,2.9582577642987546,481.6500244140625,490.95001220703125,9.29998779296875,-0.09394735465372417,236343.2996950383,-1558.867205810547,4.77753638665544,-1568.1600341796875,-1548.5579833984375,19.60205078125,0.04184983332354324,2430089.7902055075,-65.955002784729,2.2625155117290467,-69.9000015258789,-61.35000228881836,8.549999237060547,0.08954893700162271,4355.181368774425,-17.31750068664551,2.346181670562248,-23.25,-12.450000762939453,10.799999237060547,0.06823303107928512,305.40039846324987,-1445.8047912597656,3.89567758611958,-1453.6939697265625,-1438.2059326171875,15.488037109375,-0.0065487510279605265,2090366.6707335494,29.707501125335693,4.362002831130249,21.30000114440918,37.650001525878906,16.350000381469727,-0.2482331024973016,901.5626918106097,144.42000503540038,3.8353105819672266,136.5,150.0,13.5,-0.05052635938601387,20871.847461685225,-1672.5224853515624,4.643563565122379,-1680.447998046875,-1661.3299560546875,19.1180419921875,-0.11918027490601504,2797353.026689151,metal,rub,5
121.5225040435791,4.068368773009348,113.10000610351562,128.70001220703125,15.600006103515625,-0.3046240957159746,14784.270613494897,-33.660001277923584,3.4390260916295494,-40.80000305175781,-26.400001525878906,14.400001525878906,0.3117293494088309,1144.822586488726,-1616.9108947753907,5.026077194323424,-1627.6920166015625,-1606.637939453125,21.0540771484375,-0.17485911433858084,2614426.1030953177,461.3475173950195,2.7150734730389945,456.0000305175781,467.2500305175781,11.25,0.11943591125029371,212848.90343051185,-823.1625335693359,2.7719090666926633,-827.8500366210938,-817.9500122070312,9.9000244140625,-0.07161778041294643,677604.2401521622,-1536.228076171875,3.5553986300010534,-1541.2979736328125,-1529.6820068359375,11.615966796875,-0.1988771366893797,2360009.342878158,-815.3850341796875,2.541111533827489,-820.2000122070312,-809.8500366210938,10.3499755859375,-0.05729310458764098,664859.2112120375,485.4975189208984,2.275494400144457,481.0500183105469,488.5500183105469,7.5,-0.12169157329358553,235713.01875311323,-1559.2786010742188,4.943612537374859,-1572.031982421875,-1550.010009765625,22.02197265625,-0.28057191318139096,2431374.195072892,-66.21000308990479,3.6636262324194067,-77.10000610351562,-58.95000076293945,18.150005340576172,0.09067661887721012,4397.186666336072,-18.097500944137572,2.6244749794576463,-24.600000381469727,-10.65000057220459,13.949999809265137,0.1388345811600076,334.40740934085954,-1446.5912841796876,3.848696892801853,-1453.6939697265625,-1440.1419677734375,13.552001953125,-0.02929448866306391,2092641.1559324102,29.64000129699707,2.7895162626546512,25.05000114440918,34.5,9.44999885559082,0.08120306201447222,886.3110778656028,144.95250549316407,2.5217298927990304,139.8000030517578,148.20001220703125,8.400009155273438,-0.10838349994860198,21017.587970397995,-1674.4826965332031,4.523706527127636,-1683.35205078125,-1668.3480224609375,15.0040283203125,-0.042030644237546995,2803912.764909851,metal,tap,1
121.39500465393067,4.164520587326599,115.35000610351562,133.20001220703125,17.850006103515625,0.008120136691215342,14754.090386650114,-33.92250127792359,2.919909352453558,-38.85000228881836,-29.700000762939453,9.150001525878906,-0.0429699474707582,1159.261963577273,-1616.9350891113281,4.680976657449458,-1625.7559814453125,-1606.8800048828125,18.8759765625,0.307319354293938,2614500.9939419264,461.7375183105469,3.767322041270919,454.0500183105469,468.7500305175781,14.70001220703125,0.04206744889567669,213215.72853094526,-823.7550384521485,4.209124124754866,-830.2500610351562,-814.6500244140625,15.60003662109375,0.025037309460173875,678590.0801011982,-1538.5270935058593,6.601527956638023,-1551.946044921875,-1525.3260498046875,26.6199951171875,0.026019241218280077,2367109.1976229497,-816.3825408935547,3.4328311320344764,-824.1000366210938,-805.9500122070312,18.1500244140625,-0.07928609059269268,666492.2374053976,486.25501708984376,3.1443146092026613,480.9000244140625,496.8000183105469,15.899993896484375,-0.00518808006343985,236453.8283594059,-1558.3468933105469,3.3719474429556437,-1564.2879638671875,-1552.18798828125,12.0999755859375,0.2006963514743891,2428456.409920191,-66.59250373840332,1.7026665375051486,-70.35000610351562,-64.05000305175781,6.3000030517578125,-0.08988726049437559,4437.4606274872,-18.50250072479248,2.827917798893968,-24.600000381469727,-14.100000381469727,10.5,0.13793230988925564,350.3396521482476,-1447.6076904296874,4.826239317419279,-1456.35595703125,-1438.68994140625,17.666015625,0.23417656690554514,2095591.317977123,30.01500129699707,2.794150121927951,24.750001907348633,35.85000228881836,11.100000381469727,0.05819552715559651,908.7075777626058,145.0575065612793,2.9449216500032294,139.95001220703125,151.0500030517578,11.099990844726562,-0.12823329151124882,21050.352773300245,-1675.0876892089843,5.575603531672634,-1684.0780029296875,-1661.81396484375,22.2640380859375,0.2774800465519267,2805949.8538942374,metal,tap,2
120.48000450134278,3.183253729686208,113.25000762939453,126.00000762939453,12.75,-0.10736847497466812,14525.564588951136,-32.58000116348266,3.129073592859549,-39.900001525878906,-24.0,15.900001525878906,0.1326316675745455,1071.2475773620629,-1617.1770874023437,4.803859966484416,-1625.7559814453125,-1609.0579833984375,16.697998046875,-0.09297921316964287,2615284.8090897053,460.83751678466797,3.4342746931824406,452.8500061035156,466.95001220703125,14.100006103515625,0.0822181414840813,212383.01111892736,-824.3850341796875,2.6974568847781586,-830.8500366210938,-819.300048828125,11.54998779296875,0.0514289569137688,679617.9608530898,-1535.0785888671876,4.592970389203478,-1542.991943359375,-1525.083984375,17.907958984375,0.35444739779135337,2356487.369375472,-817.0050384521485,2.658043031158202,-821.550048828125,-810.7500610351562,10.79998779296875,-0.04669111438263628,667504.298048952,486.6600173950195,3.440661994767498,479.8500061035156,493.20001220703125,13.350006103515625,0.11977371560003525,236849.81068588296,-1559.5932006835938,4.944976915405297,-1570.3380126953125,-1551.219970703125,19.1180419921875,-0.14119680304276316,2432355.40441519,-64.3575029373169,2.448483117298381,-67.80000305175781,-59.85000228881836,7.950000762939453,-0.13770675372360344,4147.883253902448,-17.15250062942505,2.919523924481824,-21.900001525878906,-12.750000953674316,9.15000057220459,0.14943610456653109,302.73189778804846,-1446.1919921875,4.776052690352514,-1453.93603515625,-1436.0279541015625,17.9080810546875,-0.2762056508458647,2091494.088946551,28.91250123977661,3.1049910205674833,22.05000114440918,34.20000076293945,12.149999618530273,-0.007105256561049842,845.5736971778888,145.27500534057617,3.0177599118502023,137.85000610351562,150.60000610351562,12.75,0.09248105386146029,21113.934051590004,-1674.216485595703,4.81689222262869,-1683.35205078125,-1666.89599609375,16.4560546875,0.10899327787241542,2803024.043091112,metal,tap,3
120.73500518798828,3.1086208442766567,115.35000610351562,127.35000610351562,12.0,-0.008796990186648262,14586.605001297028,-33.75000152587891,3.074817119835812,-37.80000305175781,-27.30000114440918,10.500001907348633,0.2677443253366571,1148.517103317264,-1615.228985595703,4.310395231163593,-1623.093994140625,-1606.39599609375,16.697998046875,0.0633204409950658,2608983.255415573,460.41751861572266,2.4207564418645577,457.6500244140625,465.9000244140625,8.25,0.047706799041059685,211990.15151001015,-823.2150390625,3.4066551454560705,-829.6500244140625,-815.7000122070312,13.95001220703125,-0.05932396910244361,677694.6058379535,-1536.3490905761719,4.257042407795486,-1544.927978515625,-1527.02001953125,17.907958984375,0.2159801052925282,2360386.650524292,-815.7675323486328,2.6146803972751287,-820.6500244140625,-811.2000122070312,9.45001220703125,0.033947432668585534,665483.5033877576,486.7050186157227,3.656460041301482,477.7500305175781,492.45001220703125,14.699981689453125,-0.07443625084439615,236895.14484576456,-1560.2224060058593,4.189882478116224,-1567.4339599609375,-1554.1240234375,13.3099365234375,-0.4043041257929981,2434311.511317893,-64.94250297546387,2.7766115523925112,-69.9000015258789,-60.000003814697266,9.89999771118164,0.03958660498597568,4225.238264431013,-17.15250062942505,2.5015731782894353,-24.0,-12.300000190734863,11.699999809265137,0.08402252627494641,300.4661462087638,-1445.8894836425782,4.18517997872318,-1452.7259521484375,-1437.238037109375,15.4879150390625,0.12390971936677632,2090613.9146396555,28.70250129699707,3.0521503175088522,23.700000762939453,33.30000305175781,9.60000228881836,-0.23492486996758255,833.1492022647878,146.25000534057617,2.6075848439283598,140.40000915527344,151.95001220703125,11.550003051757812,-0.05436122578785832,21395.863560836842,-1675.4748901367188,5.07938076280936,-1687.4659423828125,-1667.3800048828125,20.0859375,-0.24691208000469927,2807241.907587583,metal,tap,4
120.6525047302246,2.100147339693787,117.1500015258789,125.4000015258789,8.25,0.015451153059651081,14561.437516525295,-33.98250179290771,2.0765526239924896,-37.05000305175781,-30.30000114440918,6.750001907348633,0.046804445309746534,1159.1224989051861,-1619.899609375,3.9710117813812524,-1627.6920166015625,-1613.1719970703125,14.52001953125,0.27438854705122184,2624090.5133878454,460.3275207519531,2.3239230628738508,457.3500061035156,466.0500183105469,8.70001220703125,0.0034958459380874064,211906.82698004198,-823.3200378417969,3.577936596132059,-829.050048828125,-816.9000244140625,12.1500244140625,0.013984026227678572,677868.6863421038,-1534.6187866210937,4.1299277374465255,-1544.2020263671875,-1526.5360107421875,17.666015625,-0.10844653136748121,2355071.8765535145,-817.5825408935547,3.5715942452317604,-825.6000366210938,-812.1000366210938,13.5,-0.20853404568550282,668453.9674594136,485.3400192260742,3.052565878275449,480.45001220703125,494.4000244140625,13.95001220703125,0.046466179180862315,235564.25242080732,-1558.1411865234375,4.266618056454234,-1564.530029296875,-1549.283935546875,15.24609375,0.22089127848919174,2427822.161170305,-67.08000316619874,2.834801322798121,-69.9000015258789,-57.150001525878906,12.75,-0.152481122124464,4507.76292331697,-17.88750066757202,3.1151194157833646,-23.25,-10.800000190734863,12.449999809265137,0.14605264448581787,329.66664910698,-1445.115087890625,4.686623928950492,-1453.4520263671875,-1435.5439453125,17.9080810546875,-0.3895685869948308,2088379.5816929801,29.44500141143799,3.270240981995478,21.30000114440918,35.85000228881836,14.55000114440918,-0.011052617811618886,877.7025841999078,144.42000503540038,3.315169959223297,137.85000610351562,149.85000610351562,12.0,-0.12586478326553688,20868.12820628361,-1675.0150939941407,4.45468838206921,-1681.657958984375,-1663.75,17.907958984375,0.04166737033012219,2805695.4093567813,metal,tap,5
119.77500534057617,2.9080276703185945,113.70000457763672,124.20000457763672,10.5,-0.033383534366923165,14354.50852926639,-33.55500135421753,2.875974435848021,-37.80000305175781,-27.600000381469727,10.200002670288086,-0.015789443568179504,1134.2093448371916,-1617.1528869628905,3.7478594495010547,-1623.093994140625,-1609.5419921875,13.552001953125,-0.16321232157542295,2615197.506262865,462.5700180053711,2.5568740893362065,459.1500244140625,467.2500305175781,8.100006103515625,-0.03969884886777491,213977.55916259805,-823.6650390625,2.975487281245517,-828.4500122070312,-817.800048828125,10.64996337890625,0.07172934166470864,678432.9500983905,-1535.3084716796875,4.864672461380047,-1544.927978515625,-1528.7139892578125,16.2139892578125,-0.3222428630169173,2357195.768249574,-816.4125366210938,3.61680163813606,-823.2000122070312,-807.4500122070312,15.75,-0.0594371365425282,666542.5112061783,485.655012512207,2.645322869548563,479.70001220703125,489.1500244140625,9.45001220703125,0.026391211488193143,235867.78891131614,-1556.9674987792969,3.4766293053959103,-1563.56201171875,-1550.4940185546875,13.0679931640625,-0.011101881902020678,2424159.879206387,-66.17250270843506,2.7793653650555976,-71.85000610351562,-61.650001525878906,10.200004577636719,-0.03913534924499971,4386.524986530316,-18.510000896453857,3.2025615616538996,-25.05000114440918,-12.90000057220459,12.15000057220459,-0.029323312572966848,352.8765337429057,-1445.611181640625,5.575679969749672,-1454.904052734375,-1435.0599365234375,19.8441162109375,-0.19396146616541354,2089822.7766915292,29.242501068115235,3.6148056967344884,24.30000114440918,36.30000305175781,12.000001907348633,0.004172951834542433,868.1906889438648,143.76750640869142,2.7971996360929583,139.0500030517578,149.85000610351562,10.800003051757812,0.05176710544672227,20676.920224777285,-1676.0193786621094,4.074740065777294,-1685.2879638671875,-1667.3800048828125,17.907958984375,-0.2143417932037124,2809057.561157527,wood,push,1
121.26000480651855,2.4174674788371866,117.75000762939453,127.20000457763672,9.449996948242188,-0.07015024629750646,14709.832914688139,-32.857501316070554,3.5246729501417726,-37.650001525878906,-24.150001525878906,13.5,-0.08131575763673711,1092.0387121410395,-1614.9022888183595,4.548233829145294,-1623.093994140625,-1606.637939453125,16.4560546875,-0.08642844293350564,2607930.08886174,459.9000183105469,3.535353499339246,453.1500244140625,467.5500183105469,14.399993896484375,0.2988718592134634,211520.52556640664,-824.3925354003907,2.307504569424125,-828.4500122070312,-821.1000366210938,7.3499755859375,0.09191756857965226,679628.3770012222,-1535.7804016113282,4.794159932164873,-1546.6219482421875,-1525.083984375,21.5379638671875,9.178218984962407e-08,2358644.4259429076,-815.1900390625,3.512815981985711,-826.3500366210938,-810.300048828125,16.04998779296875,-0.13804564511865602,664547.1396628435,486.9300170898438,2.8956612704494282,483.45001220703125,493.8000183105469,10.350006103515625,0.13443580570077537,237109.2263973087,-1560.5369934082032,4.386471582665288,-1568.885986328125,-1551.946044921875,16.93994140625,0.2732945951304041,2435294.9489284595,-65.66250247955323,3.5046350201216594,-73.5,-59.70000076293945,13.799999237060547,0.06575182864540502,4323.846698501597,-16.492500758171083,3.717602617162899,-23.25,-7.200000286102295,16.049999713897705,-0.04951124298841436,285.82315047741014,-1446.3492919921875,3.753949979910453,-1452.4840087890625,-1436.0279541015625,16.4560546875,-0.03220490190319549,2091940.3665867536,29.49000120162964,3.6835310368593297,19.950000762939453,37.20000076293945,17.25,-0.07421054553268548,883.2285717716235,145.12500686645507,3.937177654334226,136.95001220703125,150.15000915527344,13.199996948242188,0.0462408194864603,21076.76898587042,-1675.1360900878906,4.652120022438926,-1683.35205078125,-1667.137939453125,16.214111328125,-0.17049303556743423,2806102.5625356487,wood,push,2
121.47000427246094,3.7097639898210213,114.30000305175781,129.0,14.699996948242188,0.26503752514831996,14768.724286811852,-33.547501182556154,3.111289038438251,-40.35000228881836,-27.750001907348633,12.600000381469727,0.13703008379255016,1135.1149550743125,-1614.9264770507812,4.345148339011771,-1623.3359375,-1605.427978515625,17.907958984375,0.030751439144736846,2608006.4065937353,459.7575164794922,3.3215696181867065,452.8500061035156,466.0500183105469,13.20001220703125,-0.0549249864162359,211388.006784119,-824.2350372314453,2.896165192347447,-829.050048828125,-819.6000366210938,9.45001220703125,0.10082590203536185,679371.7843727435,-1535.296405029297,4.643375120214892,-1542.0240478515625,-1521.696044921875,20.3280029296875,0.13464786845042295,2357156.61222839,-815.7525329589844,2.545259851459444,-820.5000610351562,-812.4000244140625,8.10003662109375,-0.11740520735432332,665458.6733767104,487.41751861572266,2.297734197372011,481.95001220703125,492.0000305175781,10.050018310546875,-0.10206796746504934,237581.11703595013,-1558.2379821777345,4.839388225611216,-1566.4659423828125,-1549.283935546875,17.1820068359375,0.023656216958411656,2428129.0287797353,-67.0575029373169,2.5594564749366784,-72.30000305175781,-60.750003814697266,11.549999237060547,0.22206749306585558,4503.259517635359,-17.167500829696657,3.5431367620265473,-22.5,-10.65000057220459,11.84999942779541,0.1156015474993484,307.2769028520593,-1445.3328857421875,4.4309605017294444,-1454.4200439453125,-1436.9959716796875,17.424072265625,0.02820356555451128,2089006.784018807,30.082501220703126,2.710178645604769,22.650001525878906,34.650001525878906,12.0,0.26560148941843137,912.3019479846971,143.2650062561035,3.7592584907589255,137.40000915527344,148.95001220703125,11.550003051757812,-0.2201504929621417,20538.994041961723,-1674.9546020507812,4.7472206931435,-1685.530029296875,-1667.6219482421875,17.9080810546875,-0.10225655691964287,2805495.4550354006,wood,push,3
121.07250442504883,3.4957637967340114,113.10000610351562,127.6500015258789,14.549995422363281,0.18146617000264334,14670.771692276025,-34.36500120162964,2.9819077560043916,-38.70000076293945,-28.500001907348633,10.19999885559082,0.2140601380427081,1189.8450814533257,-1617.0319030761718,5.0027194239788475,-1624.7879638671875,-1604.4599609375,20.3280029296875,0.013283544554746242,2614817.202767781,460.31251831054686,3.94442270675794,454.0500183105469,467.8500061035156,13.79998779296875,-0.08650342898261279,211903.17298388714,-822.8775268554688,2.9619914269208962,-828.4500122070312,-816.9000244140625,11.54998779296875,-0.044098680539238724,677136.1975969858,-1535.356884765625,4.681615553030039,-1544.68603515625,-1526.2939453125,18.39208984375,-0.0678685238486842,2357342.6811213912,-815.3175415039062,2.13373723090658,-819.6000366210938,-810.1500244140625,9.45001220703125,0.04612908614309211,664747.2463185445,484.98002166748046,2.7304953123827196,477.45001220703125,489.0000305175781,11.550018310546875,0.0051875064247532895,235213.07702124078,-1559.0728881835937,4.475687555103813,-1568.1600341796875,-1549.7679443359375,18.39208984375,0.0635035464638158,2430728.3024482233,-66.61500301361085,2.46881096170332,-71.25,-61.80000305175781,9.449996948242188,0.12699244506377028,4443.653654068008,-18.93000078201294,3.085263527568787,-24.750001907348633,-9.75,15.000001907348633,-0.1166165502447831,367.8637806415567,-1447.764990234375,4.170196559104732,-1456.114013671875,-1439.657958984375,16.4560546875,-0.1080825232025376,2096040.8574876816,30.217501068115233,2.432348376152343,25.350000381469727,34.95000076293945,9.600000381469727,-0.2559022573600138,919.0136894245163,144.07500534057618,2.6590650079735707,138.45001220703125,149.40000915527344,10.949996948242188,0.030451047510132757,20764.67779060368,-1672.9822814941406,6.089687508404173,-1686.2559814453125,-1661.3299560546875,24.926025390625,-0.18359310752467106,2798906.79848729,wood,push,4
122.44500350952148,2.736873956869257,117.1500015258789,127.35000610351562,10.200004577636719,-0.16962406473948546,15000.269363502517,-33.712501525878906,2.752765626693624,-41.70000076293945,-29.55000114440918,12.149999618530273,-0.010037535473816377,1144.1104777278936,-1618.3265808105468,4.869613663697263,-1628.9019775390625,-1608.33203125,20.5699462890625,-0.05786123634281015,2619004.635295189,460.7850173950195,3.0368631798455645,457.6500244140625,469.5000305175781,11.850006103515625,0.12473697518943845,212332.05479370157,-823.5900360107422,2.8893547399563597,-829.3500366210938,-815.550048828125,13.79998779296875,0.06428511770148027,678308.8957869889,-1537.8857971191405,3.8170874823153222,-1544.2020263671875,-1530.407958984375,13.7940673828125,0.23108323176104323,2365107.2951376224,-817.2150421142578,2.753595770444247,-823.2000122070312,-812.550048828125,10.64996337890625,-0.05052604962112312,667848.0073474752,486.44251556396483,3.226733161975082,479.5500183105469,493.20001220703125,13.649993896484375,0.004624698036595395,236636.73275509677,-1559.2301879882812,4.017411876256016,-1565.739990234375,-1552.6719970703125,13.0679931640625,-0.046946590108082706,2431214.918732154,-65.88000259399413,3.0382313847634874,-72.45000457763672,-60.900001525878906,11.550003051757812,-0.05774442056067904,4349.405591732037,-17.235000705718996,2.637143377917524,-21.450000762939453,-11.700000762939453,9.75,0.037218065190135964,303.9997745218285,-1447.6197998046875,4.3404394376856645,-1454.6619873046875,-1437.7220458984375,16.93994140625,-0.08915923842810151,2095621.9242010757,29.34750108718872,3.433419938598586,23.25,38.85000228881836,15.60000228881836,-0.1801128201018599,873.0641925373095,143.8800064086914,3.1412717369932532,139.65000915527344,152.25,12.599990844726562,0.1051130940143327,20711.323832290713,-1674.3859008789063,4.057718437409715,-1681.416015625,-1666.1700439453125,15.2459716796875,0.25491787329652255,2803584.610140984,wood,push,5
122.13000450134277,3.235830941414372,113.55000305175781,126.9000015258789,13.349998474121094,0.003157840814805569,14926.208601379421,-35.10750198364258,2.9616835658490968,-41.10000228881836,-30.000001907348633,11.100000381469727,0.16951126155996682,1241.3082650756883,-1619.318780517578,3.7711751809099465,-1627.449951171875,-1612.929931640625,14.52001953125,0.29258280589168234,2622207.5346991816,460.56001739501954,2.885462666515396,454.0500183105469,465.45001220703125,11.399993896484375,-0.12563914822456532,212123.85551770055,-824.1900360107422,3.00239783937854,-829.050048828125,-819.1500244140625,9.9000244140625,0.07308244059856674,679298.2298521744,-1536.2039001464843,4.1561295377646585,-1543.2340087890625,-1526.7779541015625,16.4560546875,0.23818001424459587,2359939.6962380046,-816.2550384521485,2.6067720468881834,-822.0000610351562,-810.9000244140625,11.10003662109375,-0.046467257621593046,666279.0830590228,486.01501617431643,3.1738024292342164,479.8500061035156,492.6000061035156,12.75,-0.04556396025464051,236220.66896878084,-1557.5845947265625,3.843986615984939,-1566.7080078125,-1550.010009765625,16.697998046875,-0.02219788974389098,2426084.545962614,-66.94500331878662,2.5265545613415115,-70.80000305175781,-61.20000076293945,9.60000228881836,0.08255644776767358,4488.016947303788,-17.295000743865966,3.552530961838008,-23.850000381469727,-10.65000057220459,13.199999809265137,0.0726315892728648,311.737526965142,-1446.3734985351562,5.515199949093725,-1458.050048828125,-1433.365966796875,24.68408203125,-0.09188406808035714,2092026.714695306,29.87250146865845,3.1033240031254183,22.650001525878906,35.70000076293945,13.049999237060547,0.12394737444425884,901.9969638633754,144.23250503540038,3.7686950318258994,139.0500030517578,153.0,13.949996948242188,0.008684212820870537,20817.21857102971,-1673.4783874511718,4.751211187557883,-1680.9320068359375,-1662.781982421875,18.1500244140625,0.018194809533599626,2800552.487273923,wood,rub,1
120.35250396728516,2.9714672741315837,113.25000762939453,125.4000015258789,12.149993896484375,0.015451072750234962,14493.554828956625,-34.2525016784668,2.7348894768514853,-39.30000305175781,-29.400001525878906,9.900001525878906,0.13093977046192146,1180.7134916839636,-1615.410498046875,4.056569328397865,-1622.1259765625,-1607.364013671875,14.761962890625,-0.026020985079887222,2609567.5329547687,461.5200225830078,2.086350082103987,457.0500183105469,465.0000305175781,7.95001220703125,0.12586532248590226,213005.08410168515,-822.3150329589844,2.4833496115576557,-827.550048828125,-817.050048828125,10.5,0.06654116981907894,676208.1804556288,-1537.3049926757812,4.91713059163323,-1545.6539306640625,-1523.6319580078125,22.02197265625,-0.4476099917763158,2363330.818679139,-816.0150360107422,2.543331818165129,-820.800048828125,-812.4000244140625,8.4000244140625,-0.017367806111959587,665887.0075323501,486.7575149536133,2.9430145495785394,481.95001220703125,493.0500183105469,11.100006103515625,-0.20063942357113487,236941.5396984561,-1560.1981994628907,4.611286186611634,-1573.0,-1553.6400146484375,19.3599853515625,-0.2136141440025846,2434239.6855675406,-66.32250232696533,3.002352677129435,-71.55000305175781,-58.650001525878906,12.900001525878906,0.147405985782021,4407.688436508188,-17.59500069618225,3.531568479358263,-23.25,-9.75,13.5,0.005187973223234467,322.05602542305076,-1444.5947814941405,5.627947631372444,-1460.469970703125,-1433.8499755859375,26.6199951171875,0.024018022350798873,2086885.7565146454,30.51000099182129,3.650397357945517,25.200000762939453,40.35000228881836,15.150001525878906,0.20616537108457178,944.1855613918317,146.45250778198243,2.125175468295441,141.60000610351562,149.70001220703125,8.100006103515625,0.10184191940422345,21452.853406402668,-1677.350390625,4.342937704744937,-1684.0780029296875,-1669.800048828125,14.2779541015625,-0.41376677778430454,2813523.1940377476,wood,rub,2
122.3700050354004,2.8264561312330962,116.10000610351562,128.40000915527344,12.300003051757812,-0.02932338858009281,14982.406986625701,-34.665001487731935,2.5018541650146537,-39.0,-30.30000114440918,8.69999885559082,0.04195494974466194,1207.9216024074583,-1617.5642944335937,5.083883268850904,-1629.385986328125,-1606.637939453125,22.748046875,-0.13082449776785715,2616540.092495541,460.71751861572267,2.9307555889110377,453.45001220703125,465.6000061035156,12.149993896484375,0.0260524893165531,212269.2212877507,-823.9125335693359,2.373543167687342,-828.6000366210938,-820.3500366210938,8.25,0.05627776411242951,678837.496679811,-1536.8330932617187,3.22912633052624,-1544.68603515625,-1532.343994140625,12.342041015625,0.09188645441729323,2361866.3838012414,-816.2625366210938,2.671044381626282,-821.4000244140625,-811.800048828125,9.5999755859375,0.14424791837993423,666291.663169191,486.33751525878904,3.499496552369413,478.95001220703125,494.70001220703125,15.75,0.25432372129053105,236536.42522421293,-1558.189599609375,3.803025466130525,-1565.0140380859375,-1549.5260009765625,15.488037109375,-0.06878028812265038,2427969.2913335203,-67.41000270843506,3.3682934495350767,-74.85000610351562,-62.70000076293945,12.150005340576172,-0.17052621196087145,4555.453865913403,-17.152500581741332,3.248210132761177,-22.350000381469727,-11.700000762939453,10.649999618530273,-0.06845864819404775,304.7591452732091,-1442.9855041503906,4.603016687330069,-1452.7259521484375,-1432.8819580078125,19.843994140625,0.14283465622062969,2082228.352950781,30.322501277923585,2.6880048176753024,22.80000114440918,35.85000228881836,13.05000114440918,-0.09913532142352341,926.679453649523,143.56500625610352,2.3976086881703247,138.75,147.90000915527344,9.150009155273438,-0.009022774373678337,20616.659548736632,-1674.373797607422,4.496827923711056,-1682.384033203125,-1668.83203125,13.552001953125,0.14629025566846804,2803547.835575675,wood,rub,3
120.82500381469727,3.3999080701635385,113.70000457763672,127.20000457763672,13.5,-0.22511276589300402,14610.240921707173,-34.79250116348267,2.671716881768333,-39.150001525878906,-28.950000762939453,10.200000762939453,0.016804505828627966,1217.6562083072686,-1615.132177734375,5.154036331327739,-1625.998046875,-1606.39599609375,19.60205078125,-0.0010901888510338345,2608678.5156434895,460.9275146484375,3.4163359037349688,455.4000244140625,469.3500061035156,13.949981689453125,-0.13387203359962405,212465.84511099273,-823.5525390625,2.690932711922715,-828.300048828125,-818.8500366210938,9.45001220703125,-0.08086405589168233,678246.0257151506,-1535.0422790527343,4.874529031976712,-1542.5079345703125,-1523.3900146484375,19.117919921875,-0.15593436104910716,2356378.559512696,-816.4425384521485,3.2517406026155213,-822.0000610351562,-810.0000610351562,12.0,0.009811929114779136,666588.9924111345,486.5025177001953,2.3408039902992113,483.0000305175781,490.5000305175781,7.5,-0.01703013943550282,236690.17909194986,-1558.1653991699218,4.589776802625813,-1569.3699951171875,-1548.073974609375,21.2960205078125,-0.3136866519325658,2427900.47722146,-66.93000240325928,3.0552176672383213,-72.60000610351562,-60.45000076293945,12.150005340576172,0.11571431267530398,4488.959576694498,-17.16000065803528,2.3983119518908413,-20.700000762939453,-13.050000190734863,7.65000057220459,0.07466164424007098,300.21752280235364,-1443.590478515625,3.6859287328159,-1452.241943359375,-1436.9959716796875,15.2459716796875,0.14320059181156017,2083967.0557315946,29.88750123977661,3.0212528716592413,25.05000114440918,36.60000228881836,11.55000114440918,0.13883461772947384,902.3906992721577,144.2100051879883,3.328648143305325,137.85000610351562,151.5,13.649993896484375,0.10195482297051223,20807.605494781536,-1674.8940979003905,4.318506878503713,-1682.384033203125,-1664.718017578125,17.666015625,-0.3302481973977914,2805288.888683223,wood,rub,4
119.98500480651856,3.450292813356393,115.35000610351562,128.5500030517578,13.199996948242188,-0.10533827588074189,14408.305898918179,-33.78000144958496,3.45540907335785,-38.85000228881836,-26.700000762939453,12.150001525878906,0.14932334440991396,1153.028349798206,-1617.3222961425781,5.741205095329368,-1625.5140380859375,-1606.39599609375,19.1180419921875,0.22107530177984022,2615764.371035848,459.81751708984376,3.557395852693693,453.3000183105469,465.1500244140625,11.850006103515625,0.09056346004170583,211444.8040879215,-822.750033569336,2.917879736388749,-828.300048828125,-815.8500366210938,12.45001220703125,0.06631607399847274,676926.1317604994,-1537.4622863769532,5.3362445379190095,-1549.283935546875,-1526.2939453125,22.989990234375,0.4612571773672463,2363818.757537217,-815.8575378417969,3.3174979072809356,-822.4500122070312,-808.5000610351562,13.949951171875,-0.15778184474859022,665634.5278456438,485.6925216674805,3.1254340980366475,478.8000183105469,491.8500061035156,13.04998779296875,0.006428631086994831,235906.99394201714,-1558.1290771484375,5.149810674952292,-1567.676025390625,-1548.3160400390625,19.3599853515625,-0.033660383869830834,2427792.7416054294,-66.42750301361085,2.7570126658830536,-73.5,-62.10000228881836,11.39999771118164,-0.11763158525739398,4420.214275463117,-18.00750069618225,2.469983619382779,-21.600000381469727,-13.65000057220459,7.949999809265137,0.02334586767325724,330.3709004030235,-1446.7002014160157,4.219359926969512,-1456.114013671875,-1440.1419677734375,15.9720458984375,0.0018177462699718045,2092959.2757753334,29.68500146865845,3.49789598228856,22.950000762939453,36.0,13.049999237060547,-0.19082708573879156,893.4345884971647,144.78000564575194,3.7827355165677297,138.45001220703125,156.75,18.29998779296875,0.0011279457493832236,20975.55912277227,-1676.7332763671875,4.996744368976654,-1685.530029296875,-1666.4119873046875,19.1180419921875,0.27820925605028196,2811459.4475313323,wood,rub,5
119.97750396728516,2.736123203984635,115.05000305175781,125.10000610351562,10.050003051757812,-0.10093987256960761,14402.087828407308,-34.39500150680542,2.0583916114199954,-38.70000076293945,-30.600000381469727,8.100000381469727,0.14007522611689743,1187.2531046791114,-1616.5841857910157,4.2227991334515105,-1623.3359375,-1608.573974609375,14.761962890625,0.05676939541235902,2613362.2617821223,460.45501708984375,2.986506035222482,453.1500244140625,466.0500183105469,12.899993896484375,-0.057292508003406954,212027.74198150673,-822.3300384521484,3.3996068085749322,-831.1500244140625,-817.050048828125,14.0999755859375,-0.012181010999177632,676238.2494671649,-1535.1027893066407,3.1277012969345455,-1539.60400390625,-1528.4720458984375,11.1319580078125,0.025471485109257522,2356550.356252431,-815.5500305175781,3.230405909349127,-822.300048828125,-810.0000610351562,12.29998779296875,0.15676728442199248,665132.2877995617,486.57751922607423,2.5270730302790505,482.4000244140625,491.1000061035156,8.699981689453125,-0.15755631296258227,236764.068314301,-1560.02880859375,4.2823690939207,-1566.4659423828125,-1550.97802734375,15.4879150390625,0.06041011953712406,2433708.2223274917,-67.51500225067139,2.4815365503543747,-72.1500015258789,-63.60000228881836,8.549999237060547,-0.11165404642434945,4564.433552558907,-15.090000677108765,2.8359127837814624,-19.200000762939453,-9.90000057220459,9.300000190734863,0.0013533907725398597,235.7505217523581,-1445.6837951660157,5.374309489518649,-1456.114013671875,-1437.7220458984375,18.3919677734375,-0.21579947794290416,2090030.5188081034,30.12000093460083,2.4645688219544115,25.05000114440918,35.400001525878906,10.350000381469727,0.02932332978212744,913.2885557785046,144.8625061035156,2.7429385656844514,139.5,150.75,11.25,-0.03710499240043469,20992.66938656622,-1675.5716918945313,4.582235620547508,-1687.7080078125,-1666.6539306640625,21.0540771484375,-0.043850042586936096,2807561.491561584,wood,tap,1
120.27750434875489,3.0447686234319224,113.55000305175781,125.4000015258789,11.849998474121094,0.07319538431956356,14475.948668334986,-34.155001640319824,3.7751461615151847,-39.900001525878906,-27.600000381469727,12.30000114440918,-0.02300753772706914,1180.8158655910527,-1616.7051940917968,4.2837391066104855,-1624.303955078125,-1607.8480224609375,16.4559326171875,0.17212822706179515,2613754.035024128,459.66002044677737,3.9009813054317535,451.95001220703125,465.9000244140625,13.95001220703125,0.03112731015771852,211302.55205227708,-822.7200439453125,4.060430592252201,-830.2500610351562,-815.1000366210938,15.1500244140625,-0.010149917028900377,676884.7578059714,-1535.574688720703,5.0873369648997215,-1542.5079345703125,-1522.179931640625,20.3280029296875,-0.1617562889156485,2358015.5056370785,-815.3700317382812,1.8672372117467773,-819.4500122070312,-812.4000244140625,7.04998779296875,0.003609426398026316,664831.7752316907,486.81751861572263,1.929978418198935,482.5500183105469,490.3500061035156,7.79998779296875,-0.06078915703565555,236995.02124786418,-1558.2258850097655,4.875250316648246,-1569.85400390625,-1550.4940185546875,19.3599853515625,-0.05622494346217106,2428091.676780117,-66.17250308990478,3.6057069906597725,-73.95000457763672,-60.750003814697266,13.200000762939453,-0.0756766498536992,4391.8012880859515,-18.28500065803528,3.210105294390214,-25.05000114440918,-12.450000762939453,12.600000381469727,0.137368440986576,344.64602506542263,-1446.4218872070312,4.594463784027852,-1459.0179443359375,-1439.1739501953125,19.843994140625,-0.23563168174342106,2092157.3848890127,28.12500114440918,3.554557158979331,20.700000762939453,35.85000228881836,15.150001525878906,-0.18000003843379198,803.6505659694689,142.8075050354004,4.2215005928479785,134.5500030517578,150.0,15.449996948242188,-0.009360922906631814,20411.804561691322,-1673.5146911621093,4.573902793102615,-1683.8359375,-1665.927978515625,17.907958984375,-0.17194741614779138,2800672.342122171,wood,tap,2
121.65000534057617,3.1876318009005082,115.50000762939453,128.5500030517578,13.049995422363281,-0.15609027604411418,14808.884795860324,-34.00500154495239,2.4707236109963517,-38.85000228881836,-30.000001907348633,8.850000381469727,0.052105269754739635,1162.4446052341495,-1615.6645935058593,4.610781081650416,-1624.7879638671875,-1605.6700439453125,19.117919921875,0.11572219733905076,2610393.3380106366,460.59751892089844,2.1425767882798477,456.45001220703125,465.1500244140625,8.70001220703125,-0.1514668170670818,212154.66507138108,-823.882534790039,2.5791624493527467,-828.6000366210938,-819.4500122070312,9.1500244140625,-0.0233463143943844,678789.0832110001,-1535.828790283203,4.2844339463492,-1543.718017578125,-1526.2939453125,17.424072265625,0.1484739375293703,2358788.4294370078,-815.5350341796875,3.2760132263275246,-822.6000366210938,-806.8500366210938,15.75,-0.0063145228794642865,665108.1242371232,486.2325180053711,3.1059341654601513,479.5500183105469,491.70001220703125,12.149993896484375,-0.07026351125616777,236431.7083928837,-1557.4998901367187,4.460613308749325,-1566.949951171875,-1549.7679443359375,17.1820068359375,0.4696263363486842,2425825.804846981,-65.64750289916992,3.221780516311483,-69.9000015258789,-57.900001525878906,12.0,0.02627819319416706,4319.974506591808,-17.692500591278076,2.6258462110325107,-21.600000381469727,-13.65000057220459,7.949999809265137,-0.1965789192601254,319.91964549636884,-1445.2119018554688,5.181004378392015,-1450.7900390625,-1433.8499755859375,16.9400634765625,0.11081194196428572,2088664.28407107,29.88750104904175,3.7706060397878147,22.950000762939453,36.75,13.799999237060547,-0.20154141447597873,907.480188863756,145.25250549316405,3.6684968307479626,138.0,154.8000030517578,16.800003051757812,-0.08109020720747181,21111.748221038863,-1674.8214904785157,4.782705830739337,-1685.77197265625,-1664.2340087890625,21.5379638671875,0.02565247958764098,2805049.89924374,wood,tap,3
120.9300048828125,3.2793439448587733,114.60000610351562,126.45000457763672,11.849998474121094,-0.1319548527997239,14634.820177665737,-33.65250148773193,3.216189053369933,-39.900001525878906,-29.100000381469727,10.80000114440918,-0.26109029153235874,1142.8347284088165,-1614.20048828125,4.61634983096699,-1621.884033203125,-1607.1219482421875,14.7620849609375,-0.07041639743890978,2605664.5270531876,461.6100189208984,3.6862797562341005,455.70001220703125,469.20001220703125,13.5,0.2293984319930686,213097.39822659345,-823.6800323486328,3.5882962575525865,-830.550048828125,-816.6000366210938,13.95001220703125,0.07714288467751411,678461.6715598768,-1534.4251953125,3.6303135504404613,-1543.718017578125,-1529.6820068359375,14.0360107421875,0.11899964755639099,2354473.859186278,-815.6475433349609,3.4500903056790744,-823.050048828125,-810.300048828125,12.75,0.2710147714256344,665292.8180714743,487.29752044677736,3.383913574560175,480.9000244140625,492.7500305175781,11.850006103515625,-0.09191690315877585,237470.32430465746,-1559.8472839355468,4.80068770651553,-1569.6119384765625,-1549.283935546875,20.3280029296875,-0.15520634471921996,2433146.595803558,-66.69750270843505,3.259274548015323,-72.9000015258789,-61.20000076293945,11.700000762939453,-0.04522557939801898,4459.179738121043,-16.83000044822693,2.833213704081969,-22.5,-12.15000057220459,10.34999942779541,0.11503759470201076,291.2760149803165,-1446.6880981445313,4.647062239068528,-1456.35595703125,-1437.7220458984375,18.6339111328125,-0.0635009765625,2092928.0485004946,28.74000120162964,2.7109778472097683,24.450000762939453,34.5,10.049999237060547,0.016240639077093368,833.3370699577351,144.93750610351563,4.1525542393606605,140.40000915527344,157.0500030517578,16.649993896484375,0.038684082031249956,21024.124382217462,-1675.9467712402343,5.531380383182602,-1688.4339599609375,-1663.75,24.6839599609375,-0.42686455518679517,2808828.1761995098,wood,tap,4
121.25250473022462,3.379255522614566,114.45000457763672,127.35000610351562,12.900001525878906,0.3375564001556627,14713.589271240262,-33.08250169754028,3.391617824616808,-38.10000228881836,-24.900001525878906,13.200000762939453,0.05988718620816568,1105.9549900360141,-1615.6282836914063,4.3655868580659964,-1627.6920166015625,-1611.2359619140625,16.4560546875,0.0005448190789473685,2610273.8094122545,461.1150192260742,3.130978087182456,455.2500305175781,465.3000183105469,10.04998779296875,0.12947403757195725,212636.86397964522,-822.2025390625,2.588216959433783,-826.050048828125,-816.7500610351562,9.29998779296875,-0.15755587699718046,676023.7141078509,-1536.2764831542968,3.5590280490747856,-1542.991943359375,-1529.197998046875,13.7939453125,-0.1035313197544643,2360158.099373589,-816.0225433349609,3.203918953183849,-821.8500366210938,-810.7500610351562,11.0999755859375,0.12349536867070018,665903.0563275168,485.26501922607423,2.3280943350939585,481.3500061035156,488.8500061035156,7.5,0.12405998975710762,235487.55890771528,-1557.6814025878907,4.186046152330696,-1567.676025390625,-1548.3160400390625,19.3599853515625,-0.11827172300869361,2426388.8749505677,-66.36750392913818,3.2895771785408505,-72.9000015258789,-56.85000228881836,16.049999237060547,-0.09575184126545612,4415.466895797749,-16.00500068664551,2.952029096339848,-20.55000114440918,-8.850000381469727,11.700000762939453,0.09518799602537228,264.87452276516024,-1445.9862915039062,3.47020721565676,-1454.177978515625,-1439.416015625,14.761962890625,-0.06677796786889098,2090888.3975553394,29.407501411437988,3.4334852831064877,23.400001525878906,36.60000228881836,13.200000762939453,-0.023120323697427163,876.5899604530362,144.9675064086914,3.635907988767969,138.60000610351562,152.10000610351562,13.5,-0.23199251791588346,21028.79774125677,-1674.8093872070312,4.771206717155537,-1683.8359375,-1666.6539306640625,17.1820068359375,-0.023289914238721805,2805009.2478903295,wood,tap,5
